{"cameraMode":{"drawMode":0,"name":"Shaded","section":"Shading Mode"},"sceneLighting":false,"audioPlay":false,"sceneViewState":{"showFog":true,"showMaterialUpdate":false,"showSkybox":false,"showFlares":true,"showImageEffects":true,"showParticleSystems":true},"in2DMode":false,"pivot":{"x":-0.6531674861907959,"y":0.3017870783805847,"z":1.1836764812469483},"rotation":{"x":-0.051589485257864,"y":0.9069737792015076,"z":-0.11655578017234802,"w":-0.40144383907318118},"size":0.099329374730587,"orthographic":false}