{"cameraMode":{"drawMode":0,"name":"Shaded","section":"Shading Mode"},"sceneLighting":false,"audioPlay":false,"sceneViewState":{"showFog":true,"showMaterialUpdate":false,"showSkybox":false,"showFlares":true,"showImageEffects":true,"showParticleSystems":true},"in2DMode":false,"pivot":{"x":0.0,"y":0.6539895534515381,"z":-0.06028151512145996},"rotation":{"x":-0.051589485257864,"y":0.9069737792015076,"z":-0.11655578017234802,"w":-0.40144383907318118},"size":2.4709672927856447,"orthographic":false}