{"cameraMode":{"drawMode":0,"name":"Shaded","section":"Shading Mode"},"sceneLighting":false,"audioPlay":false,"sceneViewState":{"showFog":true,"showMaterialUpdate":false,"showSkybox":false,"showFlares":true,"showImageEffects":true,"showParticleSystems":true},"in2DMode":false,"pivot":{"x":0.0,"y":0.7054882645606995,"z":-0.06026411056518555},"rotation":{"x":-0.08416580408811569,"y":0.8024208545684815,"z":-0.11660820245742798,"w":-0.57917720079422},"size":2.4478893280029299,"orthographic":false}